
-- INSERT AUTHOR VALUES
INSERT INTO AUTHOR VALUES ('10002','Richard Teng');
INSERT INTO AUTHOR VALUES ('10003','Josephine Teo');
INSERT INTO AUTHOR VALUES ('10004','Peng Da Hiang');
INSERT INTO AUTHOR VALUES ('10005','Seng Chin Chay');
INSERT INTO AUTHOR VALUES ('10006','Joshua Chua');
INSERT INTO AUTHOR VALUES ('10007','Mohamad Ali');
INSERT INTO AUTHOR VALUES ('10008','Alice Cheng');
INSERT INTO AUTHOR VALUES ('10009','Teo Peng How');
INSERT INTO AUTHOR VALUES ('10010','Chan Ting Ting');
INSERT INTO AUTHOR VALUES ('10012','Sabrina Lee');
INSERT INTO AUTHOR VALUES ('10013','Vivian Teo');
INSERT INTO AUTHOR VALUES ('10014','Ricardo	Budidharma');
INSERT INTO AUTHOR VALUES ('10015','Aliyah Kamal');
INSERT INTO AUTHOR VALUES ('10016','Muhammad Kali');
INSERT INTO AUTHOR VALUES ('10017','Mohamad Shafiq');
INSERT INTO AUTHOR VALUES ('10018','Gina Cheng');
INSERT INTO AUTHOR VALUES ('10019','Teo Peng How');
INSERT INTO AUTHOR VALUES ('10020','Chia Boon Boon');
INSERT INTO AUTHOR VALUES ('10022','Prathyaksha');
INSERT INTO AUTHOR VALUES ('10023','Sim Yao Zu');
INSERT INTO AUTHOR VALUES ('10024','Tony Lim');

-- INSERT BOOK VALUES
INSERT INTO BOOK VALUES ('20099','Taipei 101',20.99);
INSERT INTO BOOK VALUES ('20100','Bangkok 101',20.99);
INSERT INTO BOOK VALUES ('20101','Malaysia Travel',29.99);
INSERT INTO BOOK VALUES ('20102','Indonesia Travel',25.99);
INSERT INTO BOOK VALUES ('20103','Vietnam Travel',20.99);
INSERT INTO BOOK VALUES ('20200','Java for Beginner',30);
INSERT INTO BOOK VALUES ('20201','UML Bible',59);
INSERT INTO BOOK VALUES ('20202','SQL Make Simple',35);
INSERT INTO BOOK VALUES ('20203','MySQL Easy',45);
INSERT INTO BOOK VALUES ('20204','Microsoft SQL Server',59);
INSERT INTO BOOK VALUES ('20205','Database Fundamental',35);
INSERT INTO BOOK VALUES ('20206','ASP.NET Introduction',30);
INSERT INTO BOOK VALUES ('20207','Advance C++',50);
INSERT INTO BOOK VALUES ('20208','Network Security',50);
INSERT INTO BOOK VALUES ('20209','IOT and Big Data',30);
INSERT INTO BOOK VALUES ('20104','Travel to USA',19.88);
INSERT INTO BOOK VALUES ('20105','Travel to Europe',25.88);
INSERT INTO BOOK VALUES ('20106','Travel to China',22.88);
INSERT INTO BOOK VALUES ('20107','Travel to Singapore',20.88);
INSERT INTO BOOK VALUES ('20108','Travel to Myanmar',21.88);
INSERT INTO BOOK VALUES ('20109','Travel to Japan',20.88);

-- INSERT BOOKAUTHOR VALUES
INSERT INTO BOOKAUTHOR VALUES ('20099','10002');
INSERT INTO BOOKAUTHOR VALUES ('20100','10003');
INSERT INTO BOOKAUTHOR VALUES ('20101','10004');
INSERT INTO BOOKAUTHOR VALUES ('20102','10005');
INSERT INTO BOOKAUTHOR VALUES ('20103','10006');
INSERT INTO BOOKAUTHOR VALUES ('20104','10007');
INSERT INTO BOOKAUTHOR VALUES ('20105','10008');
INSERT INTO BOOKAUTHOR VALUES ('20106','10009');
INSERT INTO BOOKAUTHOR VALUES ('20107','10010');
INSERT INTO BOOKAUTHOR VALUES ('20108','10012');
INSERT INTO BOOKAUTHOR VALUES ('20109','10013');
INSERT INTO BOOKAUTHOR VALUES ('20200','10014');
INSERT INTO BOOKAUTHOR VALUES ('20201','10015');
INSERT INTO BOOKAUTHOR VALUES ('20202','10016');
INSERT INTO BOOKAUTHOR VALUES ('20203','10017');
INSERT INTO BOOKAUTHOR VALUES ('20204','10018');
INSERT INTO BOOKAUTHOR VALUES ('20205','10019');
INSERT INTO BOOKAUTHOR VALUES ('20206','10020');
INSERT INTO BOOKAUTHOR VALUES ('20207','10022');
INSERT INTO BOOKAUTHOR VALUES ('20208','10023');
INSERT INTO BOOKAUTHOR VALUES ('20209','10024');

-- INSERT CUSTOMER VALUES
INSERT INTO CUSTOMER VALUES ('90001', 'Robert Chan');
INSERT INTO CUSTOMER VALUES ('90002', 'Christopher Teo');
INSERT INTO CUSTOMER VALUES ('90003', 'Christina Chua');
INSERT INTO CUSTOMER VALUES ('90004', 'William Chan');
INSERT INTO CUSTOMER VALUES ('90005', 'Tan Peng Peng');
INSERT INTO CUSTOMER VALUES ('90006', 'Ronado');
INSERT INTO CUSTOMER VALUES ('90007', 'Adrian');
INSERT INTO CUSTOMER VALUES ('90008', 'Benjamin');
INSERT INTO CUSTOMER VALUES ('90009', 'Bryan');
INSERT INTO CUSTOMER VALUES ('90010', 'Dale');
INSERT INTO CUSTOMER VALUES ('90011', 'Devan Nair');
INSERT INTO CUSTOMER VALUES ('90022', 'Tharman');
INSERT INTO CUSTOMER VALUES ('90013', 'Shanmugam');
INSERT INTO CUSTOMER VALUES ('90014', 'Balakrishnan');
INSERT INTO CUSTOMER VALUES ('90015', 'Dhanabalan');
INSERT INTO CUSTOMER VALUES ('90016', 'Aisha');
INSERT INTO CUSTOMER VALUES ('90017', 'Nadia');
INSERT INTO CUSTOMER VALUES ('90018', 'Imran');
INSERT INTO CUSTOMER VALUES ('90019', 'Fatimah');
INSERT INTO CUSTOMER VALUES ('90020', 'Sharifah');

-- INSERT PURCHASE VALUES
INSERT INTO PURCHASE VALUES ('50001', 1, STR_TO_DATE('01-03-2018', '%d-%m-%Y'), '20100', '90001');
INSERT INTO PURCHASE VALUES ('50002', 2, STR_TO_DATE('01-04-2018', '%d-%m-%Y'), '20101', '90002');
INSERT INTO PURCHASE VALUES ('50003', 5, STR_TO_DATE('01-05-2018', '%d-%m-%Y'), '20103', '90003');
INSERT INTO PURCHASE VALUES ('50004', 1, STR_TO_DATE('01-06-2018', '%d-%m-%Y'), '20104', '90004');
INSERT INTO PURCHASE VALUES ('50005', 1, STR_TO_DATE('02-03-2018', '%d-%m-%Y'), '20105', '90001');
INSERT INTO PURCHASE VALUES ('50006', 1, STR_TO_DATE('03-04-2018', '%d-%m-%Y'), '20106', '90002');
INSERT INTO PURCHASE VALUES ('50007', 1, STR_TO_DATE('04-05-2018', '%d-%m-%Y'), '20107', '90003');
INSERT INTO PURCHASE VALUES ('50008', 1, STR_TO_DATE('05-06-2018', '%d-%m-%Y'), '20108', '90013');
INSERT INTO PURCHASE VALUES ('50009', 10, STR_TO_DATE('01-07-2018', '%d-%m-%Y'), '20100', '90014');
INSERT INTO PURCHASE VALUES ('50010', 1, STR_TO_DATE('01-08-2018', '%d-%m-%Y'), '20101', '90015');
INSERT INTO PURCHASE VALUES ('50011', 1, STR_TO_DATE('01-09-2018', '%d-%m-%Y'), '20103', '90016');
INSERT INTO PURCHASE VALUES ('50012', 1, STR_TO_DATE('01-10-2018', '%d-%m-%Y'), '20104', '90013');
INSERT INTO PURCHASE VALUES ('50013', 100, STR_TO_DATE('02-07-2018', '%d-%m-%Y'), '20105', '90014');
INSERT INTO PURCHASE VALUES ('50014', 1, STR_TO_DATE('03-08-2018', '%d-%m-%Y'), '20106', '90015');
INSERT INTO PURCHASE VALUES ('50015', 1, STR_TO_DATE('04-09-2018', '%d-%m-%Y'), '20107', '90016');
INSERT INTO PURCHASE VALUES ('50016', 1, STR_TO_DATE('05-10-2018', '%d-%m-%Y'), '20108', '90007');
INSERT INTO PURCHASE VALUES ('50017', 6, STR_TO_DATE('02-07-2018', '%d-%m-%Y'), '20105', '90007');
INSERT INTO PURCHASE VALUES ('50018', 7, STR_TO_DATE('03-08-2018', '%d-%m-%Y'), '20106', '90008');
INSERT INTO PURCHASE VALUES ('50019', 2, STR_TO_DATE('04-09-2018', '%d-%m-%Y'), '20107', '90009');
INSERT INTO PURCHASE VALUES ('50020', 1, STR_TO_DATE('05-10-2018', '%d-%m-%Y'), '20108', '90009');
INSERT INTO PURCHASE VALUES ('50021', 1, STR_TO_DATE('01-09-2018', '%d-%m-%Y'), '20103', '90016');
INSERT INTO PURCHASE VALUES ('50022', 1, STR_TO_DATE('01-10-2018', '%d-%m-%Y'), '20104', '90013');
INSERT INTO PURCHASE VALUES ('50023', 50, STR_TO_DATE('02-07-2018', '%d-%m-%Y'), '20105', '90014');
INSERT INTO PURCHASE VALUES ('50024', 1, STR_TO_DATE('03-08-2018', '%d-%m-%Y'), '20206', '90015');
INSERT INTO PURCHASE VALUES ('50025', 1, STR_TO_DATE('04-06-2018', '%d-%m-%Y'), '20207', '90016');
INSERT INTO PURCHASE VALUES ('50026', 10, STR_TO_DATE('05-10-2018', '%d-%m-%Y'), '20208', '90017');
INSERT INTO PURCHASE VALUES ('50027', 1, STR_TO_DATE('02-06-2018', '%d-%m-%Y'), '20205', '90007');
INSERT INTO PURCHASE VALUES ('50028', 1, STR_TO_DATE('03-08-2018', '%d-%m-%Y'), '20106', '90008');
INSERT INTO PURCHASE VALUES ('50029', 1, STR_TO_DATE('04-09-2018', '%d-%m-%Y'), '20207', '90019');
INSERT INTO PURCHASE VALUES ('50030', 1, STR_TO_DATE('05-10-2018', '%d-%m-%Y'), '20208', '90009');

-- INSERT ONLINEPURCHASE VALUES
INSERT INTO ONLINEPURCHASE VALUES ('50001', '1');
INSERT INTO ONLINEPURCHASE VALUES ('50002', '2');
INSERT INTO ONLINEPURCHASE VALUES ('50003', '3');
INSERT INTO ONLINEPURCHASE VALUES ('50004', '2');
INSERT INTO ONLINEPURCHASE VALUES ('50005', '1');
INSERT INTO ONLINEPURCHASE VALUES ('50006', '2');
INSERT INTO ONLINEPURCHASE VALUES ('50007', '3');
INSERT INTO ONLINEPURCHASE VALUES ('50013', '1');
INSERT INTO ONLINEPURCHASE VALUES ('50014', '1');
INSERT INTO ONLINEPURCHASE VALUES ('50015', '1');
INSERT INTO ONLINEPURCHASE VALUES ('50016', '1');
INSERT INTO ONLINEPURCHASE VALUES ('50017', '2');
INSERT INTO ONLINEPURCHASE VALUES ('50018', '1');
INSERT INTO ONLINEPURCHASE VALUES ('50019', '2');
INSERT INTO ONLINEPURCHASE VALUES ('50020', '3');
INSERT INTO ONLINEPURCHASE VALUES ('50021', '2');
INSERT INTO ONLINEPURCHASE VALUES ('50022', '2');
INSERT INTO ONLINEPURCHASE VALUES ('50023', '3');
INSERT INTO ONLINEPURCHASE VALUES ('50024', '2');
INSERT INTO ONLINEPURCHASE VALUES ('50010', '1');
INSERT INTO ONLINEPURCHASE VALUES ('50011', '1');

-- INSERT WALKINPURCHASE VALUES
INSERT INTO WALKINPURCHASE VALUES ('50008', 'Jurong');
INSERT INTO WALKINPURCHASE VALUES ('50009', 'Bedok');
INSERT INTO WALKINPURCHASE VALUES ('50010', 'Jurong');
INSERT INTO WALKINPURCHASE VALUES ('50011', 'Clementi');
INSERT INTO WALKINPURCHASE VALUES ('50012', 'Bedok');
INSERT INTO WALKINPURCHASE VALUES ('50025', 'Jurong');
INSERT INTO WALKINPURCHASE VALUES ('50026', 'Bedok');
INSERT INTO WALKINPURCHASE VALUES ('50027', 'Bedok');
INSERT INTO WALKINPURCHASE VALUES ('50017', 'Clementi');
INSERT INTO WALKINPURCHASE VALUES ('50018', 'Jurong');
INSERT INTO WALKINPURCHASE VALUES ('50019', 'Clementi');
INSERT INTO WALKINPURCHASE VALUES ('50028', 'Clementi');
INSERT INTO WALKINPURCHASE VALUES ('50029', 'Bedok');
INSERT INTO WALKINPURCHASE VALUES ('50030', 'Jurong');
